2026-10-05 00:41,2,6,"SELL lean, UNCONFIRMED (NQ flat)",-0.13,Markets bet on RBI rate hike as inflation pressure builds
2026-10-05 01:15,3,6,"SELL lean, UNCONFIRMED (NQ flat)",+0.06,British Pound softens as US Dollar gains despite easing Fed rate hike odds
2026-10-05 01:31,3,6,"SELL lean, UNCONFIRMED (NQ flat)",+0.03,British Pound softens as US Dollar gains despite easing Fed rate hike odds | FXStreet
2026-10-05 02:11,3,8,"SELL lean, UNCONFIRMED (NQ flat)",-0.08,Bursa Malaysia gains on Wall Street lead as weak US payrolls temper Fed rate hike expectations
2026-10-05 02:27,2,6,"SELL lean, UNCONFIRMED (NQ flat)",+0.02,Gold gains as October Fed rate hike prospects fade
2026-10-05 04:02,3,8,"SELL lean, UNCONFIRMED (no price data)",,Bursa Malaysia Gains on Wall Street Lead as Weak US Payrolls Temper Fed Rate Hike Expectations
2026-10-05 04:03,3,6,"SELL lean, UNCONFIRMED (no price data)",,[MARKET ANALYSIS] DXY strengthens amid weakness in global peers despite the unwinding of Fed rate hike bets
2026-10-05 04:03,3,6,"SELL lean, UNCONFIRMED (no price data)",,First Fed rate hike in 3 years looks to tamp inflation; consumers will also feel pressure
2026-10-05 04:21,2,6,"SELL lean, UNCONFIRMED (NQ flat)",-0.03,Gold gains as October Fed rate hike prospects fade
2026-10-05 04:21,3,6,WAIT: no clear direction from the headline,-0.03,Gold Rises As Softer US Inflation Data Eases October Fed Rate Hike Expectations By Kedia Advisory
2026-10-05 04:21,3,6,"SELL lean, UNCONFIRMED (NQ flat)",-0.03,Asian shares are higher as easing worries over inflation reduce odds for another Fed rate hike
2026-10-05 04:49,3,9,WAIT: no clear direction from the headline,+0.00,Silver Gains As Softer US PCE Inflation Data Eases Fed Rate Hike Outlook Today By Kedia Advisory
2026-10-05 04:49,3,6,"SELL lean, UNCONFIRMED (NQ flat)",+0.00,Asian shares are higher as easing worries over inflation reduce odds for another Fed rate hike
2026-10-05 05:16,3,6,"SELL lean, UNCONFIRMED (NQ flat)",+0.02,Asian shares are higher as easing worries over inflation reduce odds for another Fed rate hike
2026-10-05 05:36,3,6,"SELL lean, UNCONFIRMED (NQ flat)",-0.02,Asian shares are higher as easing worries over inflation reduce odds for another Fed rate hike
2026-10-05 06:32,3,6,"SELL lean, UNCONFIRMED (NQ flat)",-0.00,Asian shares are higher as easing worries over inflation reduce odds for another Fed rate hike
